case_id,question,category,expected_output,key_points,remark
in_domain_01,什么是等价类划分？,in_domain,把输入域划分为若干互不相交的子集，每个子集内的输入具有相同预期结果。适用于输入条件多、数据量大的场景。,,
in_domain_02,边界值分析需要关注哪些边界值？,in_domain,最小值、最小值加一、最大值减一、最大值。,,
in_domain_03,冒烟测试的目的是什么？,in_domain,验证核心功能是否可用，判断版本是否具备进入详细测试的条件。,,
in_domain_04,回归测试在什么时候执行？,in_domain,修改代码后重新执行相关测试用例，确认没有引入新缺陷。,,
in_domain_05,场景法适用于什么情况？,in_domain,通过构造业务流程的基本流和备选流来覆盖测试路径，适用于需求复杂、业务流程多的系统。,,
in_domain_06,正交实验法的核心思想是什么？,in_domain,用正交表设计测试用例，在多因素组合下用少量用例覆盖尽可能多的组合，减少重复测试。,,
in_domain_07,测试用例通常包含哪些字段？,in_domain,用例编号、所属模块、用例标题、前置条件、操作步骤、预期结果、实际结果、执行结果、优先级。,,
in_domain_08,缺陷报告应该包含哪些内容？,in_domain,缺陷标题、严重程度、优先级、复现步骤、预期结果、实际结果、环境信息、附件截图。,,
in_domain_09,严重程度和优先级有什么区别？,in_domain,严重程度描述缺陷影响范围，优先级描述修复顺序，二者独立。,严重程度描述缺陷影响范围|优先级描述修复顺序,对比型问题，需覆盖全部要点
in_domain_10,持续集成的意义是什么？,in_domain,代码提交后自动触发构建和测试，尽早发现问题。,,
in_domain_11,自动化测试框架通常怎么分层？,in_domain,基础层负责请求封装，用例层负责断言，数据层负责测试数据。,,
in_domain_12,单元测试和集成测试的区别是什么？,in_domain,单元测试针对最小可测试单元进行验证，通常由开发人员编写；集成测试验证多个模块或服务之间的接口协作是否正常。,单元测试针对最小可测试单元验证由开发人员编写|集成测试验证多个模块或服务之间的接口协作,对比型问题，需覆盖全部要点
in_domain_13,接口测试需要验证哪些内容？,in_domain,对系统间接口的请求参数、响应字段、状态码、异常场景进行验证。,,
in_domain_14,冒烟测试和回归测试有什么区别？,in_domain,冒烟测试验证核心功能是否可用，判断版本是否具备进入详细测试的条件；回归测试在修改代码后重新执行相关测试用例，确认没有引入新缺陷。,冒烟测试验证核心功能是否可用|回归测试修改代码后重新执行用例确认没有引入新缺陷,对比型问题，需覆盖全部要点
out_domain_01,Python 怎么安装？,out_domain,,,
out_domain_02,今天天气怎么样？,out_domain,,,
out_domain_03,怎么申请信用卡？,out_domain,,,
out_domain_04,北京有哪些好吃的火锅店？,out_domain,,,
out_domain_05,Java 和 Python 哪个更好？,out_domain,,,
out_domain_06,推荐一部好看的电影。,out_domain,,,
ambiguous_01,这个方法有什么用？,ambiguous,,,
ambiguous_02,怎么测试？,ambiguous,,,
